{
    "GZ8AwPwdClk": {
        "Slope": 1.0087073017696786,
        "R-squared": 0.9999476510910748,
        "P-value": 7.781398352668596e-38,
        "Standard error": 0.001770132960238903
    },
    "jPAR4KAajVY": {
        "Slope": 1.0161542358474982,
        "R-squared": 0.6058243274727689,
        "P-value": 5.3099528891474705e-05,
        "Standard error": 0.19319457787513594
    },
    "Da0AS7D59gc": {
        "Slope": 0.20000969397830695,
        "R-squared": 0.00488496967639721,
        "P-value": 0.7696743435702222,
        "Standard error": 0.6728534749824725
    },
    "B9synWjqBn8": {
        "Slope": 1.0414017926141448,
        "R-squared": 0.43965464190052844,
        "P-value": 0.0019723403659355496,
        "Standard error": 0.28514510337283966
    },
    "G53RmwNoAFA": {
        "Slope": 1.0138433895251249,
        "R-squared": 0.9945749974341265,
        "P-value": 7.567238501664986e-22,
        "Standard error": 0.01764882620934339
    },
    "dZNaX8FSgOo": {
        "Slope": 1.8855905123275551,
        "R-squared": 0.08114107242736733,
        "P-value": 0.2234934193511802,
        "Standard error": 1.4955990467463023
    },
    "NzMDCyLnRPo": {
        "Slope": 1.007948315258864,
        "R-squared": 0.9844408020381452,
        "P-value": 8.227510275388391e-17,
        "Standard error": 0.030733541152187786
    },
    "S9ml40sLhQU": {
        "Slope": 0.5012557907082416,
        "R-squared": 0.027324827369357145,
        "P-value": 0.4861353729186567,
        "Standard error": 0.7049013660028759
    },
    "AhJpav2rjac": {
        "Slope": 1.0331077533616466,
        "R-squared": 0.9805814505800705,
        "P-value": 7.346072049518914e-17,
        "Standard error": 0.03426698732223667
    },
    "z2eKr-yaYL8": {
        "Slope": 1.2675974498239921,
        "R-squared": 0.5626273684454732,
        "P-value": 0.00021681271994889007,
        "Standard error": 0.2710642672046474
    },
    "lS-S1EBW1o4": {
        "Slope": 0.7708113582473034,
        "R-squared": 0.4000937470332605,
        "P-value": 0.002764616302507458,
        "Standard error": 0.22247062012490684
    },
    "je8LyYhxDE4": {
        "Slope": 1.0646159251751666,
        "R-squared": 0.4307906504279485,
        "P-value": 0.0016721729289556869,
        "Standard error": 0.288442720952228
    },
    "-PcVELBG484": {
        "Slope": 1.585663650891528,
        "R-squared": 0.40601666754330024,
        "P-value": 0.0025134459860843062,
        "Standard error": 0.4520536875626446
    },
    "ffqsc00svVI": {
        "Slope": 1.0136612242553187,
        "R-squared": 0.9922297750244536,
        "P-value": 1.9217697078901316e-20,
        "Standard error": 0.021143031175049235
    },
    "ThnKevSBefM": {
        "Slope": -0.4168971231580727,
        "R-squared": 0.017510748925181244,
        "P-value": 0.5781151131559946,
        "Standard error": 0.7360446985982653
    },
    "RrlJYR4Vd6g": {
        "Slope": 0.9383151835914244,
        "R-squared": 0.97620953027095,
        "P-value": 4.577231732241139e-16,
        "Standard error": 0.03452569887579045
    },
    "mEe9h4qr1-0": {
        "Slope": 1.33212311219365,
        "R-squared": 0.016392952136744198,
        "P-value": 0.5906160155327813,
        "Standard error": 2.4321499176277483
    },
    "l8qLwdK8Zd0": {
        "Slope": -0.777869675609277,
        "R-squared": 0.02832605926750323,
        "P-value": 0.47814054366353853,
        "Standard error": 1.0738355731222584
    },
    "WIS3RTFo4L8": {
        "Slope": 0.9747718593243697,
        "R-squared": 0.9853964552317902,
        "P-value": 5.6399185227931565e-18,
        "Standard error": 0.027969865364099945
    },
    "X3HZEQb_FpM": {
        "Slope": 1.1449497151989267,
        "R-squared": 0.5042368244600315,
        "P-value": 0.0004519029914813955,
        "Standard error": 0.2675900827205999
    },
    "jx_JV8A_6Nc": {
        "Slope": 1.1636982119993673,
        "R-squared": 0.18369999442982463,
        "P-value": 0.05935940475425356,
        "Standard error": 0.5781951476471577
    },
    "CZLPiT6d2z8": {
        "Slope": 0.9744208215407589,
        "R-squared": 0.9344181345302881,
        "P-value": 4.290876375707946e-12,
        "Standard error": 0.06084593325680165
    },
    "H9mLASxQ2jk": {
        "Slope": 0.6442155804590559,
        "R-squared": 0.07095831742321972,
        "P-value": 0.25627301801650554,
        "Standard error": 0.5494281628059384
    },
    "RVINrehtPec": {
        "Slope": 0.9065914356195823,
        "R-squared": 0.9693885180183802,
        "P-value": 4.4391720915999136e-15,
        "Standard error": 0.03797244847853503
    },
    "xcRzu_IjOd4": {
        "Slope": 0.9512823193956975,
        "R-squared": 0.9887710319853029,
        "P-value": 5.291020891680825e-19,
        "Standard error": 0.023894350371315428
    },
    "-J9ggxXuH38": {
        "Slope": 0.7080096121647342,
        "R-squared": 0.7299527279158218,
        "P-value": 1.6287744109989442e-06,
        "Standard error": 0.10150219420258684
    },
    "7k-Aa_g6IRc": {
        "Slope": 0.8957538439315735,
        "R-squared": 0.595680289828737,
        "P-value": 6.722619734446933e-05,
        "Standard error": 0.17394352604876107
    },
    "as1nJPVmreo": {
        "Slope": 0.8829916679762458,
        "R-squared": 0.7354638713675877,
        "P-value": 1.3484690839178719e-06,
        "Standard error": 0.12481942512000951
    },
    "RMZfVW1a-F0": {
        "Slope": 1.0088470249307842,
        "R-squared": 0.9943366078675477,
        "P-value": 1.1144854819487564e-21,
        "Standard error": 0.017945710903668834
    },
    "ph5u9eJnkA4": {
        "Slope": 1.6382952963648316,
        "R-squared": 0.1532658789937125,
        "P-value": 0.08782546205139095,
        "Standard error": 0.9076255693032464
    },
    "WwUZJFV9vxM": {
        "Slope": 1.4804032924588229,
        "R-squared": 0.8812035381090152,
        "P-value": 9.248767756142836e-10,
        "Standard error": 0.12811719651566783
    },
    "FjNBhMrCj5s": {
        "Slope": 1.1917588265301657,
        "R-squared": 0.6961652066314982,
        "P-value": 8.951280201870334e-06,
        "Standard error": 0.19095301151913208
    },
    "U9iFEUNKrlc": {
        "Slope": 0.8374521107266568,
        "R-squared": 0.8940242188969063,
        "P-value": 1.04004763939912e-08,
        "Standard error": 0.0744462837302001
    },
    "20TGG6MJnTU": {},
    "EfO4yK0pOrI": {
        "Slope": 1.0456945113046028,
        "R-squared": 0.9492159607886796,
        "P-value": 4.265625934145027e-13,
        "Standard error": 0.057009821348127716
    },
    "OlO7hJWSywA": {
        "Slope": 1.632464746615612,
        "R-squared": 0.8084896568424846,
        "P-value": 7.065678133643587e-08,
        "Standard error": 0.18726923738785023
    },
    "uud9AGr3fAE": {
        "Slope": 1.2160163474074663,
        "R-squared": 0.6211256845724223,
        "P-value": 3.6787540486212534e-05,
        "Standard error": 0.223852010320182
    },
    "prdJbeyyPo0": {
        "Slope": 0.9709349843402921,
        "R-squared": 0.8517879099403367,
        "P-value": 6.876292764954429e-09,
        "Standard error": 0.09546187873029356
    },
    "wDFVzJjbqCg": {},
    "clqhJOz-LFM": {
        "Slope": 1.8539204164189416,
        "R-squared": 0.9873258048036564,
        "P-value": 1.5741639395931745e-18,
        "Standard error": 0.04950907204705149
    },
    "6UGn2KrrR7w": {
        "Slope": 1.7343078514121415,
        "R-squared": 0.8906636758041813,
        "P-value": 4.361825554276436e-10,
        "Standard error": 0.1432238361649872
    },
    "SEn0LiKZUq0": {},
    "IS7D3WLLLnQ": {
        "Slope": 1.017441614310621,
        "R-squared": 0.9990751666295338,
        "P-value": 9.183902792879012e-29,
        "Standard error": 0.007296354190917459
    },
    "In_2CSOz6O8": {
        "Slope": 1.106755580108568,
        "R-squared": 0.9642706213924807,
        "P-value": 1.788971523360492e-14,