{
    "GZ8AwPwdClk": {
        "Slope": 0.13184489185950649,
        "R-squared": 0.5861572349794166,
        "P-value": 0.00013318363536930693,
        "Standard error": 0.02686887396979218
    },
    "jPAR4KAajVY": {
        "Slope": 0.023199313138485115,
        "R-squared": 0.42250932039667854,
        "P-value": 0.0019194577462868696,
        "Standard error": 0.00639283090479518
    },
    "Da0AS7D59gc": {
        "Slope": 0.01903515765097065,
        "R-squared": 0.06570142801430787,
        "P-value": 0.2753370140711972,
        "Standard error": 0.016919037908839408
    },
    "B9synWjqBn8": {
        "Slope": 0.08162959697460616,
        "R-squared": 0.42260801389823793,
        "P-value": 0.002585606307832537,
        "Standard error": 0.023141403951024004
    },
    "G53RmwNoAFA": {
        "Slope": 0.1796133354406504,
        "R-squared": 0.9143666087807534,
        "P-value": 4.780686965638441e-11,
        "Standard error": 0.01295578456919235
    },
    "dZNaX8FSgOo": {
        "Slope": 0.06703741018244823,
        "R-squared": 0.19085257212154627,
        "P-value": 0.05410614176328422,
        "Standard error": 0.03253462428927264
    },
    "NzMDCyLnRPo": {
        "Slope": 0.025452862215060826,
        "R-squared": 0.03841223440247496,
        "P-value": 0.4213109062757544,
        "Standard error": 0.03088672385022115
    },
    "S9ml40sLhQU": {
        "Slope": 0.11979679739689478,
        "R-squared": 0.3181973672319802,
        "P-value": 0.009578865007804006,
        "Standard error": 0.041332340773069964
    },
    "AhJpav2rjac": {
        "Slope": 0.12591451457098143,
        "R-squared": 0.6483352456198237,
        "P-value": 1.8467154025075366e-05,
        "Standard error": 0.021857684284662535
    },
    "z2eKr-yaYL8": {
        "Slope": -0.010346163890269145,
        "R-squared": 0.0022279611222007028,
        "P-value": 0.8478331297726052,
        "Standard error": 0.05310271837037981
    },
    "lS-S1EBW1o4": {
        "Slope": 0.08797149667441588,
        "R-squared": 0.16399520000529982,
        "P-value": 0.07652380585937203,
        "Standard error": 0.04681602596296717
    },
    "je8LyYhxDE4": {
        "Slope": 0.01762240605600407,
        "R-squared": 0.014568161402547335,
        "P-value": 0.6122360140545191,
        "Standard error": 0.034161731444204244
    },
    "-PcVELBG484": {
        "Slope": 0.002429231076844596,
        "R-squared": 0.007731354879277206,
        "P-value": 0.7124093858839409,
        "Standard error": 0.006486634173268689
    },
    "ffqsc00svVI": {
        "Slope": 0.05368036035641237,
        "R-squared": 0.37854028281599916,
        "P-value": 0.0038840403486779516,
        "Standard error": 0.01621173926931235
    },
    "ThnKevSBefM": {
        "Slope": 0.0182369006341567,
        "R-squared": 0.028566576424853746,
        "P-value": 0.4762508721026656,
        "Standard error": 0.02506641367271889
    },
    "RrlJYR4Vd6g": {
        "Slope": 0.005897449985961908,
        "R-squared": 0.011806801233996966,
        "P-value": 0.6483876019845818,
        "Standard error": 0.012716945737971937
    },
    "mEe9h4qr1-0": {
        "Slope": 0.046016524900268044,
        "R-squared": 0.06653635614329131,
        "P-value": 0.27220126589454596,
        "Standard error": 0.04062531703185841
    },
    "l8qLwdK8Zd0": {
        "Slope": 0.0610306868847555,
        "R-squared": 0.10357509007282391,
        "P-value": 0.1664376934930384,
        "Standard error": 0.042319575585901534
    },
    "WIS3RTFo4L8": {
        "Slope": -0.0005569219570532412,
        "R-squared": 3.923081007553874e-05,
        "P-value": 0.9790918434572801,
        "Standard error": 0.020957328990299562
    },
    "X3HZEQb_FpM": {
        "Slope": 0.015834051719585917,
        "R-squared": 0.077520104434667,
        "P-value": 0.23457295478020096,
        "Standard error": 0.01287440263118438
    },
    "jx_JV8A_6Nc": {
        "Slope": 0.3273308825111302,
        "R-squared": 0.6914020072754159,
        "P-value": 5.5424086395886305e-06,
        "Standard error": 0.05154445585811714
    },
    "CZLPiT6d2z8": {
        "Slope": 0.20420414799946018,
        "R-squared": 0.8517972536035466,
        "P-value": 6.872358828586338e-09,
        "Standard error": 0.02007651442920975
    },
    "H9mLASxQ2jk": {
        "Slope": 0.025281657026585753,
        "R-squared": 0.1089902045126274,
        "P-value": 0.155149806314709,
        "Standard error": 0.017037928379965216
    },
    "RVINrehtPec": {
        "Slope": 0.014119496072953392,
        "R-squared": 0.02427571037681261,
        "P-value": 0.5118580923700429,
        "Standard error": 0.021098934741939666
    },
    "xcRzu_IjOd4": {
        "Slope": 0.03455831027698145,
        "R-squared": 0.5937749440538196,
        "P-value": 7.022766099960633e-05,
        "Standard error": 0.0067373431384226655
    },
    "-J9ggxXuH38": {
        "Slope": 0.017390676944861752,
        "R-squared": 0.39786535949587076,
        "P-value": 0.002864884745292071,
        "Standard error": 0.005042651757390652
    },
    "7k-Aa_g6IRc": {
        "Slope": 0.011566143514093546,
        "R-squared": 0.06453788984839418,
        "P-value": 0.27977820514225527,
        "Standard error": 0.010379060519176671
    },
    "as1nJPVmreo": {
        "Slope": 0.0007706757470461199,
        "R-squared": 0.0017720748699291626,
        "P-value": 0.8601253258406663,
        "Standard error": 0.004311310120577577
    },
    "RMZfVW1a-F0": {
        "Slope": 0.03686701231996048,
        "R-squared": 0.16510906516811794,
        "P-value": 0.07543598602419976,
        "Standard error": 0.019540294508700984
    },
    "ph5u9eJnkA4": {
        "Slope": 0.2584279831791263,
        "R-squared": 0.491035628730997,
        "P-value": 0.0005788525201964717,
        "Standard error": 0.06201410412407601
    },
    "WwUZJFV9vxM": {
        "Slope": 0.1714800322060203,
        "R-squared": 0.8481892468412597,
        "P-value": 8.549480379420837e-09,
        "Standard error": 0.017099451910670062
    },
    "FjNBhMrCj5s": {
        "Slope": 0.05882021431960594,
        "R-squared": 0.7320631246958423,
        "P-value": 3.0081568675382087e-06,
        "Standard error": 0.008630662231136748
    },
    "U9iFEUNKrlc": {
        "Slope": 0.0398774752167649,
        "R-squared": 0.49233529119438485,
        "P-value": 0.0016938367311801067,
        "Standard error": 0.010455384946465168
    },
    "20TGG6MJnTU": {},
    "EfO4yK0pOrI": {
        "Slope": 0.11247140893597711,
        "R-squared": 0.5084523246582751,
        "P-value": 0.00041701949471651425,
        "Standard error": 0.026065351606917878
    },
    "OlO7hJWSywA": {
        "Slope": 0.18577131813086037,
        "R-squared": 0.7519234463634504,
        "P-value": 7.49104950027207e-07,
        "Standard error": 0.025150606154970563
    },
    "uud9AGr3fAE": {
        "Slope": 0.14257063576060883,
        "R-squared": 0.7233189240023795,
        "P-value": 2.0344549853389604e-06,
        "Standard error": 0.02078349818558072
    },
    "prdJbeyyPo0": {
        "Slope": 0.11867494388924313,
        "R-squared": 0.2631288851948537,
        "P-value": 0.020727747052408634,
        "Standard error": 0.046809530581581556
    },
    "wDFVzJjbqCg": {},
    "clqhJOz-LFM": {
        "Slope": 0.16657676466731086,
        "R-squared": 0.6624623123079815,
        "P-value": 1.2650329255398668e-05,
        "Standard error": 0.02802584511764835
    },
    "6UGn2KrrR7w": {
        "Slope": 0.22514466539727032,
        "R-squared": 0.8101305110022642,
        "P-value": 6.533288637974924e-08,
        "Standard error": 0.02569067440266425
    },
    "SEn0LiKZUq0": {},
    "IS7D3WLLLnQ": {
        "Slope": 0.08840566363468672,
        "R-squared": 0.5138079563509885,
        "P-value": 0.0003762112129885499,
        "Standard error": 0.020269701226623187
    },
    "In_2CSOz6O8": {
        "Slope": 0.05013261539217391,
        "R-squared": 0.43653834372432704,