{
    "GZ8AwPwdClk": {
        "Slope": 0.13024002683624333,
        "R-squared": 0.5820087740268729,
        "P-value": 0.0001454030187547962,
        "Standard error": 0.026769412084202405
    },
    "jPAR4KAajVY": {
        "Slope": 0.01909476639345812,
        "R-squared": 0.48785110593971637,
        "P-value": 0.0006139364256370408,
        "Standard error": 0.004611397605211634
    },
    "Da0AS7D59gc": {
        "Slope": 0.01024634970996085,
        "R-squared": 0.1558979556663666,
        "P-value": 0.08490917394648692,
        "Standard error": 0.005619661902308984
    },
    "B9synWjqBn8": {
        "Slope": 0.06368066107951706,
        "R-squared": 0.6344282734805379,
        "P-value": 4.487758108643278e-05,
        "Standard error": 0.01172406284830142
    },
    "G53RmwNoAFA": {
        "Slope": 0.17756237667131108,
        "R-squared": 0.9235263929112818,
        "P-value": 1.719383500459058e-11,
        "Standard error": 0.012043308985922624
    },
    "dZNaX8FSgOo": {
        "Slope": 0.005341400353199549,
        "R-squared": 0.05309184867868532,
        "P-value": 0.32840087595954703,
        "Standard error": 0.005316904770441192
    },
    "NzMDCyLnRPo": {
        "Slope": 0.021714222589031933,
        "R-squared": 0.02885172666536167,
        "P-value": 0.48692549441260224,
        "Standard error": 0.030554606241118474
    },
    "S9ml40sLhQU": {
        "Slope": 0.022536189150275904,
        "R-squared": 0.10354484993204377,
        "P-value": 0.16650310818913186,
        "Standard error": 0.01562947025573618
    },
    "AhJpav2rjac": {
        "Slope": 0.11923591176359653,
        "R-squared": 0.6328047975662587,
        "P-value": 2.7532429212922765e-05,
        "Standard error": 0.02140841140765586
    },
    "z2eKr-yaYL8": {
        "Slope": 0.0005101128879544882,
        "R-squared": 1.5467614957720667e-05,
        "P-value": 0.9872509921261144,
        "Standard error": 0.031457687973978264
    },
    "lS-S1EBW1o4": {
        "Slope": 0.10038111874005823,
        "R-squared": 0.31709229228792124,
        "P-value": 0.009732689648338561,
        "Standard error": 0.034721936895676354
    },
    "je8LyYhxDE4": {
        "Slope": -0.01177148732447678,
        "R-squared": 0.017102384356709487,
        "P-value": 0.5826213469404382,
        "Standard error": 0.021033952860706966
    },
    "-PcVELBG484": {
        "Slope": 0.0060107790266560055,
        "R-squared": 0.29312830418341956,
        "P-value": 0.01368503318804602,
        "Standard error": 0.002200067107898975
    },
    "ffqsc00svVI": {
        "Slope": 0.05266458763473618,
        "R-squared": 0.3773045522998152,
        "P-value": 0.003959289478081565,
        "Standard error": 0.015946826099382045
    },
    "ThnKevSBefM": {
        "Slope": 0.011503456689749883,
        "R-squared": 0.11281476174968,
        "P-value": 0.14766329268843842,
        "Standard error": 0.007603548096046399
    },
    "RrlJYR4Vd6g": {
        "Slope": 0.006680527555865297,
        "R-squared": 0.013664057577507337,
        "P-value": 0.6235743560524485,
        "Standard error": 0.013378181852076254
    },
    "mEe9h4qr1-0": {
        "Slope": 0.0074010045656286326,
        "R-squared": 0.186313479485832,
        "P-value": 0.057385184386108415,
        "Standard error": 0.003645531389791177
    },
    "l8qLwdK8Zd0": {
        "Slope": 0.015256973951201472,
        "R-squared": 0.13826846342913682,
        "P-value": 0.10644769748812273,
        "Standard error": 0.008977524053496349
    },
    "WIS3RTFo4L8": {
        "Slope": -0.004106306654458127,
        "R-squared": 0.002056536031479593,
        "P-value": 0.849430244923495,
        "Standard error": 0.0213206251130607
    },
    "X3HZEQb_FpM": {
        "Slope": 0.005569450608906313,
        "R-squared": 0.02493407217747227,
        "P-value": 0.5061178686063468,
        "Standard error": 0.008209117816229652
    },
    "jx_JV8A_6Nc": {
        "Slope": 0.05218764029323284,
        "R-squared": 0.12955780600421035,
        "P-value": 0.11903414497548301,
        "Standard error": 0.031883763775916285
    },
    "CZLPiT6d2z8": {
        "Slope": 0.19036527407157897,
        "R-squared": 0.752201899080105,
        "P-value": 7.414511229353228e-07,
        "Standard error": 0.025753321524463378
    },
    "H9mLASxQ2jk": {
        "Slope": -0.0008727104296293623,
        "R-squared": 0.0007595841055976076,
        "P-value": 0.9081759813080766,
        "Standard error": 0.007460724017294234
    },
    "RVINrehtPec": {
        "Slope": 0.015094340489945889,
        "R-squared": 0.023522701147625957,
        "P-value": 0.5185584970383211,
        "Standard error": 0.02292267885126527
    },
    "xcRzu_IjOd4": {
        "Slope": 0.03647850419860773,
        "R-squared": 0.6054998325782928,
        "P-value": 5.3506495992679165e-05,
        "Standard error": 0.006940125938983937
    },
    "-J9ggxXuH38": {
        "Slope": 0.015429481438833185,
        "R-squared": 0.21507472976249742,
        "P-value": 0.039433783100043474,
        "Standard error": 0.006947595743677559
    },
    "7k-Aa_g6IRc": {
        "Slope": 0.016066068904013332,
        "R-squared": 0.16773395573422026,
        "P-value": 0.07293208808855443,
        "Standard error": 0.008435172456575098
    },
    "as1nJPVmreo": {
        "Slope": 0.00048160592719613467,
        "R-squared": 0.0007336251252924866,
        "P-value": 0.9097524357955058,
        "Standard error": 0.004189470234498441
    },
    "RMZfVW1a-F0": {
        "Slope": 0.03583836163757982,
        "R-squared": 0.15970132954758592,
        "P-value": 0.08086340353895285,
        "Standard error": 0.01937646139035451
    },
    "ph5u9eJnkA4": {
        "Slope": 0.03232917825133547,
        "R-squared": 0.1345743058754023,
        "P-value": 0.11161247990021766,
        "Standard error": 0.019323786546067534
    },
    "WwUZJFV9vxM": {
        "Slope": 0.10685244313149501,
        "R-squared": 0.8190650881935605,
        "P-value": 4.2134064858844106e-08,
        "Standard error": 0.01183723264159042
    },
    "FjNBhMrCj5s": {
        "Slope": 0.02609984838866948,
        "R-squared": 0.29405985273722424,
        "P-value": 0.016457005647707867,
        "Standard error": 0.009807980569128629
    },
    "U9iFEUNKrlc": {
        "Slope": 0.0431577193909824,
        "R-squared": 0.452369497027429,
        "P-value": 0.003093621968140431,
        "Standard error": 0.012260551785742174
    },
    "20TGG6MJnTU": {},
    "EfO4yK0pOrI": {
        "Slope": 0.10255356782775828,
        "R-squared": 0.48698113654800423,
        "P-value": 0.0006238491839114412,
        "Standard error": 0.024809906016712804
    },
    "OlO7hJWSywA": {
        "Slope": 0.09406046705061627,
        "R-squared": 0.6353948904771115,
        "P-value": 2.5787772419534064e-05,
        "Standard error": 0.016794241518935864
    },
    "uud9AGr3fAE": {
        "Slope": 0.08596934855534534,
        "R-squared": 0.6261181092342384,
        "P-value": 3.2535888738053e-05,
        "Standard error": 0.01565836693020093
    },
    "prdJbeyyPo0": {
        "Slope": 0.0637376093976088,
        "R-squared": 0.08400223172083249,
        "P-value": 0.21515155480402315,
        "Standard error": 0.04960909603197174
    },
    "wDFVzJjbqCg": {},
    "clqhJOz-LFM": {
        "Slope": 0.08733182604430818,
        "R-squared": 0.6338683964182342,
        "P-value": 2.680359643092576e-05,
        "Standard error": 0.015644271623433202
    },
    "6UGn2KrrR7w": {
        "Slope": 0.12189270700861693,
        "R-squared": 0.8019102231830826,
        "P-value": 9.61053078533141e-08,
        "Standard error": 0.014279389029907271
    },
    "SEn0LiKZUq0": {},
    "IS7D3WLLLnQ": {
        "Slope": 0.08614542838244192,
        "R-squared": 0.5055055721015167,
        "P-value": 0.0004411369590415839,
        "Standard error": 0.02008231199881735
    },
    "In_2CSOz6O8": {
        "Slope": 0.044039484981442986,
        "R-squared": 0.4279279374135589,