{
    "GZ8AwPwdClk": {
        "Slope": 1.0197940480922405,
        "R-squared": 0.9969389831937369,
        "P-value": 4.381930846225162e-24,
        "Standard error": 0.013319097195046061
    },
    "jPAR4KAajVY": {
        "Slope": 1.5066820217168762,
        "R-squared": 0.863081713031157,
        "P-value": 3.3497807436462303e-09,
        "Standard error": 0.14144582223512345
    },
    "Da0AS7D59gc": {
        "Slope": 2.57001787338596,
        "R-squared": 0.8087175620896617,
        "P-value": 6.989492082899635e-08,
        "Standard error": 0.29460424684106407
    },
    "B9synWjqBn8": {
        "Slope": 0.6299557445339642,
        "R-squared": 0.08313832682394816,
        "P-value": 0.21763328540246224,
        "Standard error": 0.4930887083510325
    },
    "G53RmwNoAFA": {
        "Slope": 1.0233547338791356,
        "R-squared": 0.9883689004684586,
        "P-value": 7.263521760370004e-19,
        "Standard error": 0.02616620867655896
    },
    "dZNaX8FSgOo": {
        "Slope": 1.20347640460888,
        "R-squared": 0.11201674537027977,
        "P-value": 0.1491936571426047,
        "Standard error": 0.7986605636016336
    },
    "NzMDCyLnRPo": {
        "Slope": 0.9183157885742357,
        "R-squared": 0.6323557960218475,
        "P-value": 2.7845403550119528e-05,
        "Standard error": 0.16503988359609428
    },
    "S9ml40sLhQU": {
        "Slope": 0.7682660989047597,
        "R-squared": 0.4284799286799074,
        "P-value": 0.0017380837278814397,
        "Standard error": 0.20913461397378255
    },
    "AhJpav2rjac": {
        "Slope": 1.306215859150553,
        "R-squared": 0.8026187849591601,
        "P-value": 9.301908662684758e-08,
        "Standard error": 0.15267817104971268
    },
    "z2eKr-yaYL8": {
        "Slope": 1.2850625125708077,
        "R-squared": 0.8612538578526969,
        "P-value": 3.777985633078825e-09,
        "Standard error": 0.12157180650134307
    },
    "lS-S1EBW1o4": {
        "Slope": 0.3353268689861143,
        "R-squared": 0.014052854514115075,
        "P-value": 0.6186436463504965,
        "Standard error": 0.6620284347883905
    },
    "je8LyYhxDE4": {
        "Slope": 2.300957033206392,
        "R-squared": 0.6501793269338074,
        "P-value": 1.7592112348233256e-05,
        "Standard error": 0.3978124893014972
    },
    "-PcVELBG484": {
        "Slope": 1.1059249609251232,
        "R-squared": 0.9908826935759298,
        "P-value": 8.107057910746311e-20,
        "Standard error": 0.025004119265202903
    },
    "ffqsc00svVI": {
        "Slope": 0.9538021807233378,
        "R-squared": 0.9150674955994883,
        "P-value": 4.438322223630816e-11,
        "Standard error": 0.0684908347287464
    },
    "ThnKevSBefM": {
        "Slope": 1.1806669831106682,
        "R-squared": 0.850592206325374,
        "P-value": 7.396588746446967e-09,
        "Standard error": 0.11663183073849388
    },
    "RrlJYR4Vd6g": {
        "Slope": 1.0793238101712632,
        "R-squared": 0.9986310289021472,
        "P-value": 3.1339441663061316e-27,
        "Standard error": 0.009419115380318687
    },
    "mEe9h4qr1-0": {
        "Slope": 1.6362805104015206,
        "R-squared": 0.8809793803673059,
        "P-value": 9.408087227402156e-10,
        "Standard error": 0.14175870481844885
    },
    "l8qLwdK8Zd0": {
        "Slope": 0.9304959469198057,
        "R-squared": 0.4483378205649199,
        "P-value": 0.001241036041798589,
        "Standard error": 0.24328321728202842
    },
    "WIS3RTFo4L8": {},
    "X3HZEQb_FpM": {},
    "jx_JV8A_6Nc": {
        "Slope": 1.3139362263325811,
        "R-squared": 0.3583389659584868,
        "P-value": 0.00529450894370595,
        "Standard error": 0.4144229992443575
    },
    "CZLPiT6d2z8": {
        "Slope": 1.044146054163187,
        "R-squared": 0.9662930602750847,
        "P-value": 1.057888693132636e-14,
        "Standard error": 0.04596531397694127
    },
    "H9mLASxQ2jk": {
        "Slope": -0.3595908597671138,
        "R-squared": 0.010195153826605291,
        "P-value": 0.6718821990912326,
        "Standard error": 0.8351226987647924
    },
    "RVINrehtPec": {
        "Slope": 0.9813246685569156,
        "R-squared": 0.8582355126641196,
        "P-value": 4.592570900781824e-09,
        "Standard error": 0.09400629771098548
    },
    "xcRzu_IjOd4": {},
    "-J9ggxXuH38": {
        "Slope": 0.9941886360394687,
        "R-squared": 0.9977781957362162,
        "P-value": 2.4494120470525895e-25,
        "Standard error": 0.011057792483828877
    },
    "7k-Aa_g6IRc": {
        "Slope": 1.649109019877995,
        "R-squared": 0.6974311768588533,
        "P-value": 4.623180486940062e-06,
        "Standard error": 0.2560203717275082
    },
    "as1nJPVmreo": {
        "Slope": 1.006488748315621,
        "R-squared": 0.9807563462041641,
        "P-value": 6.771067488426059e-17,
        "Standard error": 0.03323042346862256
    },
    "RMZfVW1a-F0": {
        "Slope": 1.0228358277794642,
        "R-squared": 0.9875476663278192,
        "P-value": 1.3427010221073216e-18,
        "Standard error": 0.02707173067120479
    },
    "ph5u9eJnkA4": {
        "Slope": 0.1095535472624028,
        "R-squared": 0.00047485001109369716,
        "P-value": 0.9273432393085403,
        "Standard error": 1.1847012006652917
    },
    "WwUZJFV9vxM": {
        "Slope": 0.9519696472907625,
        "R-squared": 0.3118416652391499,
        "P-value": 0.010495207404690465,
        "Standard error": 0.33332198973421157
    },
    "FjNBhMrCj5s": {
        "Slope": 0.9684495030438753,
        "R-squared": 0.93453470929023,
        "P-value": 4.222481749662315e-12,
        "Standard error": 0.06041552592954876
    },
    "U9iFEUNKrlc": {
        "Slope": 0.8167263366710144,
        "R-squared": 0.9527510616168755,
        "P-value": 2.224553302341105e-13,
        "Standard error": 0.04286932196263946
    },
    "20TGG6MJnTU": {
        "Slope": -0.21308584866284475,
        "R-squared": 0.004399798202031119,
        "P-value": 0.7811303019828197,
        "Standard error": 0.7555173898879918
    },
    "EfO4yK0pOrI": {
        "Slope": 0.9085650614059199,
        "R-squared": 0.7647976846030314,
        "P-value": 4.6027105191759744e-07,
        "Standard error": 0.11875920829626327
    },
    "OlO7hJWSywA": {
        "Slope": 1.7995501666836473,
        "R-squared": 0.9347782249436918,
        "P-value": 4.0827312000513226e-12,
        "Standard error": 0.11203912775407988
    },
    "uud9AGr3fAE": {
        "Slope": 2.232512971723591,
        "R-squared": 0.4763587525474269,
        "P-value": 0.0007571133378064264,
        "Standard error": 0.5517058489397411
    },
    "prdJbeyyPo0": {
        "Slope": 1.0283922006802424,
        "R-squared": 0.9958499359963351,
        "P-value": 6.785483252779774e-23,
        "Standard error": 0.015647788561768378
    },
    "wDFVzJjbqCg": {
        "Slope": 1.012544219817212,
        "R-squared": 0.9963495397076287,
        "P-value": 2.1385445541770336e-23,
        "Standard error": 0.014445936396787384
    },
    "clqhJOz-LFM": {
        "Slope": 0.7884994675702645,
        "R-squared": 0.7402726646694848,
        "P-value": 1.1399816767652529e-06,
        "Standard error": 0.11008499457598316
    },
    "6UGn2KrrR7w": {
        "Slope": 0.8972638821991504,
        "R-squared": 0.9317553606340653,
        "P-value": 6.147001260496039e-12,
        "Standard error": 0.057235733823604695
    },
    "SEn0LiKZUq0": {
        "Slope": 0.9949885009298691,
        "R-squared": 0.6125235525000848,
        "P-value": 4.529465013743165e-05,
        "Standard error": 0.1865275850141081
    },
    "IS7D3WLLLnQ": {
        "Slope": 1.0067983536685616,
        "R-squared": 0.9954581098055222,
        "P-value": 1.5286011653013222e-22,
        "Standard error": 0.01602924492217319
    },
    "In_2CSOz6O8": {
        "Slope": 1.0164197453168256,
        "R-squared": 0.9967308513894578,
        "P-value": 7.921854420614949e-24,